repartidor_id,repartidor_nombre,repartidor_apellido,tipo_contrato,ciudad_asignada,vehiculo,envios_asignados,envios_entregados,incidencias,pct_sla_cumplido,tiempo_medio_transito_h,facturacion_generada,ranking_volumen,ranking_calidad,score_combinado
REP-061,Onofre,Martínez Rodrigo,AUTONOMO,Valencia,BICI,71,61,4,60.56,19.03,803.62,10,24,17.0
REP-022,Edu,Arnaiz Mendez,AUTONOMO,Valencia,MOTO,68,61,4,61.76,19.07,692.56,24,17,20.5
REP-143,Carlito,Atienza Agudo,EMPLEADO,Valencia,MOTO,68,59,9,61.76,19.39,811.44,24,17,20.5
REP-222,Fabiana,Belda Sureda,AUTONOMO,Madrid,MOTO,69,60,6,60.87,18.75,751.04,20,22,21.0
REP-180,Ariadna,Frutos Cortés,AUTONOMO,Barcelona,FURGONETA,67,58,7,64.18,18.38,704.9,32,12,22.0
REP-027,Sosimo,Pinilla Dávila,EMPLEADO,Madrid,MOTO,71,64,5,59.15,19.25,767.19,10,36,23.0
REP-069,Paula,Galan Garzón,EMPLEADO,Barcelona,FURGONETA,74,66,3,58.11,20.25,775.06,5,45,25.0
REP-237,Anastasia,Alemán Calderon,EMPLEADO,Madrid,MOTO,69,61,5,59.42,19.28,714.26,20,32,26.0
REP-030,Cecilia,Ibañez Carrión,EMPLEADO,Barcelona,FURGONETA,70,56,8,58.57,19.17,662.43,15,39,27.0
REP-065,Brunilda,Casals Sanz,AUTONOMO,Madrid,FURGONETA,66,61,5,62.12,18.52,762.56,42,16,29.0
REP-228,Carla,Iriarte Sánchez,EMPLEADO,Madrid,FURGONETA,68,56,10,58.82,18.89,729.23,24,37,30.5
REP-123,Agustina,Cabrera Cervantes,AUTONOMO,Madrid,FURGONETA,67,60,5,59.7,20.42,725.9,32,31,31.5
REP-158,Tito,Camacho Alarcón,EMPLEADO,Barcelona,FURGONETA,72,59,10,55.56,19.16,799.07,6,66,36.0
REP-164,Silvio,Cervera Pla,EMPLEADO,Barcelona,FURGONETA,68,56,8,57.35,19.19,711.53,24,53,38.5
REP-084,Borja,Somoza Salamanca,EMPLEADO,Madrid,MOTO,70,60,10,55.71,20.3,760.7,15,65,40.0
REP-018,Ruy,Castro Marín,EMPLEADO,Madrid,BICI,62,53,6,67.74,18.2,710.57,81,5,43.0
REP-136,Leonardo,Barrera Díez,EMPLEADO,Madrid,MOTO,71,61,10,54.93,20.49,770.45,10,76,43.0
REP-124,Loreto,Arcos Díez,EMPLEADO,Bilbao,MOTO,62,53,7,66.13,17.75,658.55,81,7,44.0
REP-111,Rosalinda,Ojeda Pujadas,EMPLEADO,Sevilla,MOTO,68,59,6,55.88,20.23,810.59,24,64,44.0
REP-063,Vera,Ariza Mendizábal,EMPLEADO,Sevilla,FURGONETA,65,54,7,58.46,18.58,701.18,52,41,46.5
REP-196,Feliciano,Cabrera Huguet,EMPLEADO,Madrid,MOTO,65,58,6,58.46,18.67,717.49,52,41,46.5
REP-026,Noelia,Figueras Pascual,AUTONOMO,Madrid,FURGONETA,62,53,5,62.9,17.8,711.72,81,14,47.5
REP-112,Rodrigo,Ripoll Hurtado,AUTONOMO,Madrid,BICI,72,60,8,54.17,20.36,768.41,6,89,47.5
REP-155,Evita,Tudela Herrera,EMPLEADO,Madrid,MOTO,66,58,7,56.06,19.42,678.22,42,61,51.5
REP-201,Casemiro,Gárate Oliver,AUTONOMO,Madrid,FURGONETA,67,57,7,55.22,20.79,710.23,32,73,52.5
REP-088,Gabriela,Pou Castelló,EMPLEADO,Sevilla,FURGONETA,61,53,6,63.93,18.7,667.25,93,13,53.0
REP-223,Zacarías,Clemente Molina,EMPLEADO,Valencia,MOTO,60,56,2,66.67,18.84,601.38,101,6,53.5
REP-034,Nicodemo,Quiroga Dalmau,EMPLEADO,Sevilla,MOTO,81,70,9,53.09,19.43,882.64,2,105,53.5
REP-021,María Manuela,Castrillo Juárez,AUTONOMO,Bilbao,MOTO,72,61,8,52.78,19.84,785.01,6,112,59.0
REP-099,Flor,Feijoo Macias,EMPLEADO,Valencia,FURGONETA,72,63,6,52.78,20.24,793.04,6,112,59.0
REP-207,Adela,Lago Gonzalo,EMPLEADO,Valencia,FURGONETA,65,55,8,55.38,20.3,736.48,52,71,61.5
REP-176,Chema,Cabrera Chaves,AUTONOMO,Valencia,FURGONETA,66,52,8,54.55,19.0,721.01,42,83,62.5
REP-033,Alex,Pintor Tapia,EMPLEADO,Bilbao,BICI,70,60,6,52.86,20.5,750.53,15,110,62.5
REP-209,Florencio,Galán Fernández,AUTONOMO,Barcelona,FURGONETA,70,61,9,52.86,19.53,793.56,15,110,62.5
REP-163,Pablo,Ortiz Seco,AUTONOMO,Barcelona,MOTO,62,53,7,58.06,18.79,645.66,81,46,63.5
REP-200,Macario,Castejón Elías,EMPLEADO,Madrid,BICI,68,62,4,52.94,21.01,777.14,24,108,66.0
REP-187,Jordán,Rivas Téllez,EMPLEADO,Valencia,FURGONETA,59,55,4,62.71,19.07,627.89,118,15,66.5
REP-243,África,Cazorla Enríquez,EMPLEADO,Valencia,FURGONETA,63,49,10,55.56,18.6,690.34,69,66,67.5
REP-024,Georgina,Ferrando Pujadas,EMPLEADO,Madrid,BICI,63,53,7,55.56,19.34,723.75,69,66,67.5
REP-183,José Mari,Calderon Carlos,EMPLEADO,Bilbao,MOTO,71,65,1,52.11,20.63,752.41,10,125,67.5
REP-064,Xiomara,Llamas Córdoba,EMPLEADO,Barcelona,FURGONETA,62,51,6,56.45,19.23,674.14,81,60,70.5
REP-193,Roberto,Roldan Duque,EMPLEADO,Barcelona,FURGONETA,60,54,5,58.33,18.81,672.45,101,43,72.0
REP-046,Sigfrido,Gonzalez Yáñez,EMPLEADO,Barcelona,MOTO,65,53,9,53.85,19.1,688.18,52,94,73.0
REP-121,Natalia,Llanos Maestre,EMPLEADO,Valencia,MOTO,65,57,5,53.85,20.82,690.35,52,94,73.0
REP-056,Carmina,Pi Sarabia,EMPLEADO,Madrid,MOTO,66,58,8,53.03,20.89,713.28,42,106,74.0
REP-092,Alicia,Pera Calderon,EMPLEADO,Bilbao,FURGONETA,66,55,7,53.03,19.66,776.38,42,106,74.0
REP-236,Natalio,Lobo Ayuso,AUTONOMO,Madrid,MOTO,67,53,11,52.24,20.34,726.51,32,123,77.5
REP-087,Iris,Badía Nadal,AUTONOMO,Madrid,BICI,67,55,8,52.24,19.44,731.73,32,123,77.5
REP-097,José Luis,Alegre Palau,EMPLEADO,Barcelona,FURGONETA,60,46,12,56.67,18.41,592.8,101,57,79.0
REP-156,Hugo,Ríos Manuel,EMPLEADO,Madrid,MOTO,60,53,4,56.67,21.11,620.38,101,57,79.0
REP-058,Florentina,Bernat Moya,EMPLEADO,Barcelona,MOTO,56,51,0,69.64,19.03,611.34,158,3,80.5
REP-060,Emilia,Piñeiro Hernando,EMPLEADO,Barcelona,FURGONETA,63,56,5,53.97,21.56,698.47,69,92,80.5
REP-130,Nacio,Viña Sala,AUTONOMO,Barcelona,MOTO,63,52,7,53.97,19.3,684.07,69,92,80.5
REP-174,Aurelia,Salgado Agustí,AUTONOMO,Barcelona,FURGONETA,58,49,7,60.34,19.46,624.39,135,27,81.0
REP-146,René,Tamarit Barba,EMPLEADO,Madrid,MOTO,58,47,6,60.34,17.44,601.33,135,27,81.0
REP-107,Omar,Castellanos Espada,AUTONOMO,Madrid,BICI,62,53,6,54.84,18.91,674.06,81,81,81.0
REP-071,Anita,Giralt Aroca,AUTONOMO,Madrid,FURGONETA,79,66,8,49.37,20.07,871.56,3,161,82.0
REP-078,Ceferino,Lladó Salazar,EMPLEADO,Madrid,MOTO,56,47,8,66.07,15.81,660.97,158,8,83.0
REP-109,Lola,Nebot Armengol,AUTONOMO,Madrid,FURGONETA,77,66,6,49.35,20.8,839.2,4,162,83.0
REP-161,Teodosio,Sevilla Guardiola,EMPLEADO,Madrid,FURGONETA,59,53,6,57.63,19.75,611.2,118,49,83.5
REP-206,Ainara,Carlos Mendez,AUTONOMO,Barcelona,FURGONETA,59,52,3,57.63,21.46,662.78,118,49,83.5
REP-079,Guadalupe,Mendez Arroyo,EMPLEADO,Madrid,BICI,56,53,2,64.29,18.5,576.52,158,11,84.5
REP-009,Anunciación,Flor Coronado,EMPLEADO,Bilbao,FURGONETA,69,54,12,50.72,19.1,723.36,20,149,84.5
REP-186,Domitila,Uriarte Ferrán,EMPLEADO,Barcelona,BICI,65,55,5,52.31,20.11,760.57,52,121,86.5
REP-140,Florencia,Palomar Mendez,AUTONOMO,Barcelona,FURGONETA,65,57,7,52.31,21.02,723.76,52,121,86.5
REP-051,Sebastian,Mínguez Montesinos,AUTONOMO,Bilbao,FURGONETA,71,58,7,49.3,21.29,780.58,10,163,86.5
REP-168,Jordi,Gallego Orozco,EMPLEADO,Madrid,MOTO,68,59,6,50.0,20.05,717.23,24,150,87.0
REP-152,Cesar,Herrero Vázquez,EMPLEADO,Madrid,MOTO,60,54,3,55.0,19.82,621.26,101,75,88.0
REP-118,Aurelio,Tenorio Donaire,AUTONOMO,Barcelona,FURGONETA,67,63,3,50.75,21.55,683.75,32,146,89.0
REP-134,Luciana,Carbajo Antón,EMPLEADO,Barcelona,FURGONETA,67,56,7,50.75,20.1,667.8,32,146,89.0
REP-023,Amador,Escobar Márquez,EMPLEADO,Madrid,FURGONETA,67,55,6,50.75,19.8,674.28,32,146,89.0
REP-067,Manuelita,Rius Cortes,AUTONOMO,Bilbao,BICI,59,49,8,55.93,20.21,621.91,118,63,90.5
REP-190,Cipriano,Criado Mayo,AUTONOMO,Bilbao,MOTO,61,54,6,54.1,20.33,682.99,93,91,92.0
REP-249,Sol,Garcés Mármol,AUTONOMO,Madrid,MOTO,62,55,5,53.23,20.82,699.39,81,103,92.0
REP-250,Jose Francisco,Ariño Montesinos,EMPLEADO,Barcelona,FURGONETA,62,53,5,53.23,19.06,669.07,81,103,92.0
REP-205,Carmela,Tudela Corral,EMPLEADO,Barcelona,MOTO,69,56,9,49.28,20.77,710.29,20,164,92.0
REP-074,Marcela,Peralta Castillo,EMPLEADO,Madrid,MOTO,54,49,2,64.81,19.06,589.23,177,10,93.5
REP-175,Emigdio,Piñeiro Cañas,AUTONOMO,Valencia,MOTO,58,50,6,56.9,18.7,646.57,135,54,94.5
REP-198,Natanael,Fortuny Castrillo,EMPLEADO,Madrid,MOTO,58,53,2,56.9,20.7,608.54,135,54,94.5
REP-220,Sandalio,Pont Aranda,EMPLEADO,Barcelona,FURGONETA,58,49,4,56.9,20.01,630.52,135,54,94.5
REP-178,Calisto,Álvarez Albero,EMPLEADO,Valencia,FURGONETA,63,56,6,52.38,20.6,634.77,69,120,94.5
REP-038,Eli,Carrillo Armengol,EMPLEADO,Madrid,FURGONETA,66,53,9,50.0,19.77,706.24,42,150,96.0
REP-037,Elvira,Carbó Céspedes,AUTONOMO,Barcelona,BICI,53,47,5,69.81,17.8,573.88,192,2,97.0
REP-199,Nicodemo,Matas Mora,AUTONOMO,Madrid,MOTO,65,57,5,50.77,20.75,704.17,52,144,98.0
REP-072,Edmundo,Llopis Morcillo,AUTONOMO,Barcelona,BICI,65,57,5,50.77,21.13,649.79,52,144,98.0
REP-100,Nayara,Vives Lasa,EMPLEADO,Madrid,BICI,67,55,8,49.25,20.46,679.04,32,165,98.5
REP-119,Matilde,Soto Barrios,EMPLEADO,Bilbao,BICI,54,49,4,61.11,19.44,609.77,177,21,99.0
REP-246,Rosalinda,Salazar Gomis,EMPLEADO,Barcelona,FURGONETA,55,48,5,60.0,19.22,603.11,170,29,99.5
REP-083,Esteban,Jaén Figueroa,EMPLEADO,Madrid,MOTO,64,52,10,51.56,19.27,649.47,65,136,100.5
REP-044,Bibiana,Castañeda Lledó,EMPLEADO,Sevilla,FURGONETA,60,48,8,53.33,20.65,692.53,101,101,101.0
REP-150,Celestino,Leal Correa,AUTONOMO,Barcelona,MOTO,60,55,4,53.33,20.79,565.26,101,101,101.0
REP-148,Roque,Mármol Plana,EMPLEADO,Bilbao,BICI,59,56,1,54.24,22.02,637.77,118,87,102.5
REP-128,Susanita,Mercader Carpio,EMPLEADO,Madrid,FURGONETA,59,51,5,54.24,20.82,650.23,118,87,102.5
REP-114,Juan Luis,Paz Quintana,AUTONOMO,Madrid,FURGONETA,68,56,10,48.53,21.11,705.24,24,181,102.5
REP-241,Toribio,Tomas Verdugo,AUTONOMO,Madrid,MOTO,52,45,6,73.08,14.42,590.44,206,1,103.5
REP-203,Melchor,Julián Calvo,AUTONOMO,Barcelona,FURGONETA,58,52,4,55.17,20.49,596.78,135,74,104.5
REP-004,María Teresa,Mancebo Bernal,EMPLEADO,Madrid,MOTO,54,51,2,59.26,20.79,586.15,177,33,105.0
REP-013,Milagros,Suárez Ramírez,AUTONOMO,Sevilla,BICI,61,52,6,52.46,18.75,623.98,93,118,105.5
REP-113,Anselma,Sebastián Hernando,AUTONOMO,Madrid,FURGONETA,61,49,5,52.46,19.58,662.44,93,118,105.5
REP-238,Prudencio,Ballester Gisbert,EMPLEADO,Valencia,MOTO,85,71,11,44.71,21.98,937.91,1,210,105.5
REP-208,Silvio,Taboada Gutiérrez,EMPLEADO,Madrid,FURGONETA,63,54,6,50.79,20.73,676.06,69,143,106.0
REP-073,Severiano,Nicolau Santana,AUTONOMO,Barcelona,FURGONETA,64,54,8,50.0,20.56,672.42,65,150,107.5
REP-177,Lucas,Amor Mata,EMPLEADO,Madrid,FURGONETA,53,47,4,60.38,19.5,597.47,192,26,109.0
REP-008,Rosalinda,Alberdi Carbó,EMPLEADO,Valencia,FURGONETA,67,57,5,47.76,21.97,699.67,32,189,110.5
REP-057,Edmundo,Vallés Mármol,EMPLEADO,Madrid,BICI,54,49,4,57.41,18.94,595.28,177,51,114.0
REP-059,Joaquina,Marí Andres,EMPLEADO,Sevilla,FURGONETA,54,50,2,57.41,20.21,615.55,177,51,114.0
REP-230,Hipólito,Terrón Muro,EMPLEADO,Madrid,MOTO,70,65,2,44.29,22.37,721.1,15,214,114.5
REP-086,Obdulia,Nuñez Blasco,EMPLEADO,Bilbao,FURGONETA,62,51,7,50.0,21.64,682.51,81,150,115.5
REP-189,Elías,Canales Cortés,AUTONOMO,Sevilla,FURGONETA,53,48,4,58.49,19.74,561.06,192,40,116.0
REP-234,Daniel,Reina Saez,AUTONOMO,Barcelona,BICI,60,52,8,51.67,21.32,673.61,101,131,116.0
REP-094,Emilio,Somoza Sanabria,AUTONOMO,Barcelona,FURGONETA,60,54,3,51.67,19.53,683.28,101,131,116.0
REP-010,Claudia,Bermúdez Boada,AUTONOMO,Madrid,MOTO,60,48,9,51.67,19.87,619.58,101,131,116.0
REP-091,Milagros,Somoza Ferrera,EMPLEADO,Sevilla,MOTO,60,49,6,51.67,21.11,646.32,101,131,116.0
REP-127,Victoriano,Lasa Murcia,AUTONOMO,Madrid,MOTO,60,53,3,51.67,21.67,625.42,101,131,116.0
REP-098,Obdulia,Cepeda Barroso,AUTONOMO,Valencia,FURGONETA,57,48,4,54.39,20.42,598.64,149,85,117.0
REP-031,Aitana,Sandoval Jove,AUTONOMO,Madrid,MOTO,59,47,10,52.54,19.66,594.56,118,117,117.5
REP-028,Ariadna,Sáenz Doménech,EMPLEADO,Madrid,BICI,63,53,8,49.21,20.7,713.27,69,166,117.5
REP-080,Tito,Echevarría Castelló,EMPLEADO,Madrid,MOTO,63,54,6,49.21,21.61,685.62,69,166,117.5
REP-233,Lucila,Barral Cuervo,AUTONOMO,Valencia,FURGONETA,66,54,10,46.97,21.94,706.03,42,195,118.5
REP-248,Marcial,Trujillo Palma,EMPLEADO,Sevilla,MOTO,51,43,7,60.78,18.65,555.91,215,23,119.0
REP-142,Isidora,Nebot Jiménez,EMPLEADO,Valencia,FURGONETA,54,44,4,55.56,18.48,571.75,177,66,121.5
REP-137,Ainara,Hernando Gomis,EMPLEADO,Barcelona,MOTO,54,49,3,55.56,21.31,569.81,177,66,121.5
REP-245,Imelda,Gomez Porcel,EMPLEADO,Sevilla,MOTO,49,44,4,61.22,18.96,517.55,227,19,123.0
REP-090,Fabio,Cámara Escrivá,AUTONOMO,Bilbao,FURGONETA,49,45,4,61.22,19.83,498.82,227,19,123.0
REP-159,Eutropio,Ochoa Amat,AUTONOMO,Barcelona,MOTO,66,56,6,45.45,21.15,698.24,42,204,123.0
REP-007,Emiliano,Vergara Uriarte,EMPLEADO,Sevilla,MOTO,66,56,8,45.45,21.49,685.03,42,204,123.0
REP-219,Rosalva,Lluch Julián,EMPLEADO,Sevilla,FURGONETA,45,44,1,68.89,19.99,471.59,246,4,125.0
REP-235,Lucía,Ibarra Tirado,EMPLEADO,Sevilla,FURGONETA,53,40,8,56.6,18.73,619.98,192,59,125.5
REP-210,Máximo,Llorente Vizcaíno,EMPLEADO,Madrid,MOTO,60,51,5,50.0,21.43,676.59,101,150,125.5
REP-149,Nacho,Andreu Llano,AUTONOMO,Sevilla,MOTO,51,47,3,58.82,19.97,596.57,215,37,126.0
REP-132,Sebastian,Escolano Cerdá,EMPLEADO,Barcelona,FURGONETA,55,49,5,54.55,20.54,590.19,170,83,126.5
REP-085,Rosario,Bosch Vendrell,EMPLEADO,Madrid,BICI,52,47,2,57.69,20.59,595.7,206,48,127.0
REP-089,Iker,Noguera Torre,AUTONOMO,Sevilla,MOTO,41,36,3,65.85,18.98,491.92,248,9,128.5
REP-036,Mercedes,Arjona Anguita,EMPLEADO,Barcelona,FURGONETA,56,44,7,53.57,20.1,597.77,158,100,129.0
REP-165,Plinio,Agustí Tormo,EMPLEADO,Barcelona,FURGONETA,59,51,4,50.85,20.39,655.99,118,141,129.5
REP-049,Paloma,Malo Saavedra,EMPLEADO,Barcelona,MOTO,59,53,3,50.85,22.62,644.6,118,141,129.5
REP-075,Anunciación,Garcia Cortes,AUTONOMO,Barcelona,FURGONETA,63,56,5,47.62,23.33,732.0,69,190,129.5
REP-166,María,Giménez Manzano,EMPLEADO,Valencia,FURGONETA,48,39,5,60.42,17.4,506.92,235,25,130.0
REP-188,Oriana,Prado Benavides,EMPLEADO,Madrid,FURGONETA,49,46,2,59.18,20.22,488.84,227,34,130.5
REP-229,Desiderio,Lumbreras Carbonell,EMPLEADO,Madrid,MOTO,49,48,0,59.18,20.04,522.54,227,34,130.5
REP-053,Áurea,Maestre Ríos,EMPLEADO,Madrid,FURGONETA,64,55,6,46.88,20.95,703.22,65,196,130.5
REP-043,Jenny,Esteve Feliu,AUTONOMO,Madrid,BICI,66,54,6,43.94,22.09,699.48,42,221,131.5
REP-172,Tere,Atienza Arteaga,AUTONOMO,Madrid,MOTO,57,45,8,52.63,19.57,588.17,149,115,132.0
REP-104,Juliana,Salmerón Garmendia,AUTONOMO,Sevilla,FURGONETA,57,50,5,52.63,19.25,584.51,149,115,132.0
REP-247,Tiburcio,Lorenzo Lamas,EMPLEADO,Madrid,MOTO,65,53,7,44.62,20.44,688.27,52,212,132.0
REP-231,Manu,Laguna Simó,EMPLEADO,Valencia,MOTO,65,57,7,44.62,22.45,705.14,52,212,132.0
REP-014,Goyo,Sanabria Checa,AUTONOMO,Barcelona,FURGONETA,50,45,5,58.0,19.52,501.4,224,47,135.5
REP-106,Carmen,Castilla Boix,EMPLEADO,Sevilla,MOTO,54,48,3,53.7,21.53,565.59,177,96,136.5
REP-173,Poncio,Ibáñez Blanca,EMPLEADO,Madrid,FURGONETA,54,46,3,53.7,18.57,537.88,177,96,136.5
REP-005,Jose Ignacio,Cárdenas Sevilla,EMPLEADO,Madrid,MOTO,54,38,10,53.7,19.3,604.65,177,96,136.5
REP-157,Bienvenida,Velázquez Ripoll,EMPLEADO,Valencia,FURGONETA,54,50,3,53.7,21.7,566.12,177,96,136.5
REP-182,Amor,Naranjo Román,AUTONOMO,Madrid,MOTO,53,45,7,54.72,20.28,602.61,192,82,137.0
REP-095,Jorge,Rivas Sebastián,EMPLEADO,Barcelona,FURGONETA,40,35,3,60.0,18.53,399.97,249,29,139.0
REP-144,Alcides,Agudo Reina,EMPLEADO,Valencia,FURGONETA,48,44,3,58.33,19.43,490.83,235,43,139.0
REP-167,Candelaria,Pedraza Arnaiz,EMPLEADO,Barcelona,MOTO,60,49,8,48.33,20.47,623.05,101,182,141.5
REP-116,Leyre,Mínguez Sáez,AUTONOMO,Sevilla,FURGONETA,60,52,6,48.33,20.58,664.23,101,182,141.5
REP-115,Lino,Carrera Castells,EMPLEADO,Madrid,FURGONETA,55,47,5,52.73,21.19,528.1,170,114,142.0
REP-001,Amador,Llopis Hierro,EMPLEADO,Barcelona,FURGONETA,58,48,9,50.0,21.56,640.21,135,150,142.5
REP-181,Martin,Echevarría Carreras,AUTONOMO,Sevilla,FURGONETA,50,47,2,56.0,19.92,513.94,224,62,143.0
REP-003,Rebeca,Núñez Lamas,EMPLEADO,Sevilla,FURGONETA,59,49,7,49.15,20.1,614.53,118,168,143.0
REP-070,Montserrat,Gárate Morante,EMPLEADO,Madrid,BICI,59,47,8,49.15,19.91,649.79,118,168,143.0
REP-138,Cayetano,Sandoval Peláez,AUTONOMO,Valencia,FURGONETA,59,50,6,49.15,21.33,618.76,118,168,143.0
REP-129,Nidia,Gil Huertas,EMPLEADO,Barcelona,FURGONETA,59,51,6,49.15,21.23,665.0,118,168,143.0
REP-125,Felipa,Zamora Uribe,EMPLEADO,Valencia,FURGONETA,56,50,4,51.79,19.91,548.2,158,129,143.5
REP-195,Omar,Vallés Montoya,EMPLEADO,Sevilla,BICI,56,49,6,51.79,21.53,620.28,158,129,143.5
REP-224,María Carmen,Borja Castilla,EMPLEADO,Barcelona,BICI,57,47,6,50.88,19.19,617.33,149,138,143.5
REP-212,Joaquina,Querol Arias,EMPLEADO,Madrid,FURGONETA,57,47,6,50.88,18.99,566.93,149,138,143.5
REP-103,Consuela,Cervantes Ávila,AUTONOMO,Madrid,MOTO,57,46,5,50.88,19.88,623.01,149,138,143.5
REP-050,Amancio,Bravo Granados,EMPLEADO,Valencia,FURGONETA,51,43,6,54.9,19.43,595.09,215,77,146.0
REP-169,Juliana,Marco Mancebo,AUTONOMO,Madrid,FURGONETA,51,45,6,54.9,20.13,561.72,215,77,146.0
REP-045,Aurelio,Iriarte Tejedor,AUTONOMO,Sevilla,FURGONETA,51,41,5,54.9,18.49,571.4,215,77,146.0
REP-226,Aurora,Zamora Nebot,EMPLEADO,Barcelona,BICI,51,47,3,54.9,19.22,485.59,215,77,146.0
REP-135,Joaquín,Gaya Barbero,AUTONOMO,Barcelona,MOTO,65,52,9,38.46,22.91,712.0,52,242,147.0
REP-105,Tatiana,Marín Criado,EMPLEADO,Madrid,MOTO,61,48,9,45.9,21.89,637.29,93,202,147.5
REP-082,Azucena,Bermúdez Priego,EMPLEADO,Bilbao,MOTO,63,54,7,42.86,22.52,640.25,69,228,148.5
REP-042,Rafa,Sáenz Núñez,EMPLEADO,Barcelona,FURGONETA,65,56,4,33.85,24.21,715.89,52,249,150.5
REP-102,Eric,Ríos Arana,EMPLEADO,Barcelona,FURGONETA,64,58,6,40.63,22.28,663.35,65,238,151.5
REP-017,Joel,Quintanilla Carretero,EMPLEADO,Barcelona,FURGONETA,63,51,8,41.27,21.23,662.81,69,235,152.0
REP-019,Socorro,Bayona Hidalgo,AUTONOMO,Barcelona,FURGONETA,54,47,5,51.85,21.35,560.3,177,128,152.5
REP-093,Ruy,Vallés Pereira,EMPLEADO,Madrid,FURGONETA,62,51,7,43.55,21.74,687.43,81,225,153.0
REP-217,María Fernanda,Agullo Sáez,EMPLEADO,Barcelona,FURGONETA,62,53,5,43.55,22.48,653.04,81,225,153.0
REP-162,Marina,Barros Cal,AUTONOMO,Valencia,BICI,55,44,7,50.91,18.7,587.44,170,137,153.5
REP-227,Fortunato,Casal Pazos,EMPLEADO,Madrid,MOTO,56,44,8,50.0,18.73,614.67,158,150,154.0
REP-145,Estefanía,Zurita Iniesta,AUTONOMO,Madrid,MOTO,60,45,11,45.0,21.9,650.46,101,207,154.0
REP-016,Bautista,Barrera Mir,EMPLEADO,Madrid,FURGONETA,61,48,10,44.26,21.57,695.4,93,215,154.0
REP-077,Bernarda,Garrido Peñalver,AUTONOMO,Madrid,FURGONETA,61,47,12,44.26,21.91,645.07,93,215,154.0
REP-108,Raquel,Bermúdez Iglesia,AUTONOMO,Bilbao,BICI,61,43,16,44.26,20.16,671.17,93,215,154.0
REP-171,Álvaro,Palma Barroso,EMPLEADO,Madrid,MOTO,59,51,4,47.46,22.07,718.63,118,191,154.5
REP-041,Graciano,Boada Hernández,AUTONOMO,Valencia,MOTO,59,45,10,47.46,20.86,627.66,118,191,154.5
REP-179,Ildefonso,Ariño Barrena,EMPLEADO,Valencia,FURGONETA,63,51,6,39.68,22.06,640.38,69,241,155.0
REP-141,Manuela,Coello Alegre,AUTONOMO,Barcelona,FURGONETA,47,43,3,55.32,20.81,551.59,242,72,157.0
REP-054,Desiderio,Correa Valentín,EMPLEADO,Madrid,MOTO,58,51,5,48.28,20.64,617.57,135,184,159.5
REP-147,Ámbar,Benavente Lozano,AUTONOMO,Barcelona,MOTO,57,47,9,49.12,20.45,672.23,149,172,160.5
REP-239,Nereida,Manzanares Yuste,EMPLEADO,Barcelona,FURGONETA,62,47,9,40.32,21.86,670.76,81,240,160.5
REP-244,Espiridión,Baena Barbero,EMPLEADO,Valencia,MOTO,51,45,6,52.94,20.83,541.82,215,108,161.5
REP-066,Fabiola,Simó Matas,EMPLEADO,Sevilla,FURGONETA,48,41,6,54.17,21.53,563.91,235,89,162.0
REP-011,Jenny,Font Mesa,AUTONOMO,Sevilla,MOTO,54,47,7,50.0,21.2,593.12,177,150,163.5
REP-126,Marita,Ferrando Echevarría,AUTONOMO,Madrid,FURGONETA,46,41,5,54.35,21.91,465.92,243,86,164.5
REP-068,Quirino,Palmer Barrera,AUTONOMO,Bilbao,FURGONETA,58,43,8,46.55,20.1,644.31,135,197,166.0
REP-151,Tomás,Sanchez Vila,AUTONOMO,Sevilla,FURGONETA,58,48,6,46.55,21.77,674.6,135,197,166.0
REP-039,Trinidad,Echeverría Vélez,AUTONOMO,Sevilla,FURGONETA,58,46,9,46.55,20.16,598.18,135,197,166.0
REP-120,María Pilar,Lamas Tomé,EMPLEADO,Madrid,FURGONETA,52,46,5,51.92,19.13,602.96,206,127,166.5
REP-081,Consuela,Quiroga Rios,EMPLEADO,Barcelona,MOTO,55,46,8,49.09,20.56,574.64,170,173,171.5
REP-218,Marciano,Viñas Puerta,AUTONOMO,Madrid,FURGONETA,55,46,9,49.09,21.24,582.18,170,173,171.5
REP-139,Ruth,Méndez Mateo,EMPLEADO,Madrid,FURGONETA,56,47,3,48.21,20.62,619.89,158,185,171.5
REP-221,Juan,España Narváez,EMPLEADO,Barcelona,BICI,58,51,4,44.83,22.05,617.46,135,209,172.0
REP-062,Paula,Priego Llobet,AUTONOMO,Madrid,FURGONETA,60,41,14,38.33,22.04,641.28,101,244,172.5
REP-160,Cleto,Ríos Santamaria,AUTONOMO,Valencia,MOTO,59,48,10,40.68,22.97,621.02,118,237,177.5
REP-040,Clotilde,Pinilla Navarrete,AUTONOMO,Barcelona,FURGONETA,52,42,7,50.0,19.78,551.79,206,150,178.0
REP-012,Adrián,Belda Barral,EMPLEADO,Bilbao,MOTO,56,47,8,46.43,22.06,585.26,158,200,179.0
REP-192,Yéssica,Benavides Almeida,EMPLEADO,Bilbao,MOTO,48,38,9,52.08,18.57,503.99,235,126,180.5
REP-204,Fidel,Rovira Crespo,AUTONOMO,Madrid,FURGONETA,58,46,9,43.1,21.21,644.56,135,227,181.0
REP-184,Lidia,Rius Gomez,AUTONOMO,Madrid,MOTO,54,44,10,48.15,21.88,600.91,177,186,181.5
REP-185,Salvador,Bayón Sola,AUTONOMO,Madrid,BICI,54,48,6,48.15,22.52,603.19,177,186,181.5
REP-020,Custodio,Cortés Lladó,EMPLEADO,Valencia,FURGONETA,59,48,6,37.29,24.22,697.81,118,247,182.5
REP-035,Reynaldo,Morán Galán,EMPLEADO,Valencia,FURGONETA,53,47,4,49.06,22.18,572.33,192,175,183.5
REP-194,Carmelita,Tello Barrera,EMPLEADO,Valencia,BICI,53,45,7,49.06,20.94,567.15,192,175,183.5
REP-242,Olegario,Mariscal Santamaría,AUTONOMO,Barcelona,BICI,53,43,7,49.06,21.07,541.07,192,175,183.5
REP-048,Wilfredo,Belda Guillen,EMPLEADO,Barcelona,BICI,56,51,1,44.64,22.31,612.2,158,211,184.5
REP-047,Ceferino,Crespo Heredia,EMPLEADO,Valencia,FURGONETA,58,48,7,37.93,21.88,668.89,135,245,190.0
REP-211,Chus,Cabrero Macias,EMPLEADO,Bilbao,FURGONETA,57,48,5,42.11,22.27,624.1,149,232,190.5
REP-191,Rita,Santamaria Iborra,EMPLEADO,Valencia,MOTO,57,50,6,42.11,22.68,571.71,149,232,190.5
REP-216,Tere,Jordán Botella,AUTONOMO,Barcelona,MOTO,53,45,6,47.17,21.23,551.75,192,193,192.5
REP-110,Noa,Ramis Martorell,AUTONOMO,Bilbao,BICI,53,49,2,47.17,23.48,564.72,192,193,192.5
REP-133,Luisa,Gisbert Acevedo,EMPLEADO,Barcelona,MOTO,56,42,8,42.86,21.45,523.94,158,228,193.0
REP-101,Liliana,Rojas Diaz,EMPLEADO,Sevilla,MOTO,46,38,3,50.0,21.44,467.65,243,150,196.5
REP-096,Concepción,Riera Exposito,AUTONOMO,Sevilla,FURGONETA,46,43,3,50.0,21.12,534.87,243,150,196.5
REP-055,Elías,Baños Llorente,AUTONOMO,Madrid,BICI,51,42,4,49.02,20.8,559.55,215,178,196.5
REP-215,Leocadio,Pedrosa Simó,EMPLEADO,Valencia,BICI,52,41,8,48.08,20.47,544.62,206,188,197.0
REP-131,Óscar,Mendez Almeida,AUTONOMO,Sevilla,FURGONETA,55,41,11,43.64,22.01,589.0,170,224,197.0
REP-117,Araceli,Trillo Marí,EMPLEADO,Barcelona,BICI,56,45,5,41.07,22.3,644.31,158,236,197.0
REP-213,Javier,Cañizares Mas,EMPLEADO,Madrid,MOTO,53,46,5,45.28,21.84,581.67,192,206,199.0
REP-225,Inmaculada,Acosta Ibarra,EMPLEADO,Bilbao,MOTO,49,41,5,48.98,20.6,533.55,227,179,203.0
REP-052,María Teresa,Quintero Vilar,EMPLEADO,Barcelona,FURGONETA,52,44,6,46.15,21.27,505.42,206,201,203.5
REP-029,Emiliana,Beltran Sarabia,EMPLEADO,Madrid,BICI,52,42,10,44.23,21.36,542.88,206,218,212.0
REP-197,Amaro,Ortiz Cisneros,EMPLEADO,Madrid,BICI,53,41,8,41.51,21.96,541.65,192,234,213.0
REP-170,Crescencia,Leiva Ribas,EMPLEADO,Barcelona,FURGONETA,39,35,2,48.72,21.96,410.6,250,180,215.0
REP-202,Urbano,Rivas Delgado,AUTONOMO,Valencia,MOTO,49,43,3,44.9,23.15,504.87,227,208,217.5
REP-006,Maxi,Garcia Valera,EMPLEADO,Barcelona,MOTO,48,43,4,45.83,22.71,522.35,235,203,219.0
REP-154,Rosalva,Mur Sacristán,EMPLEADO,Madrid,FURGONETA,53,42,9,37.74,22.68,587.59,192,246,219.0
REP-025,Juan Manuel,Arenas Camps,EMPLEADO,Sevilla,MOTO,53,40,11,35.85,22.42,561.29,192,248,220.0
REP-032,Eutropio,Guardia Piñol,AUTONOMO,Barcelona,FURGONETA,50,42,6,44.0,22.57,522.8,224,220,222.0
REP-214,Federico,Bastida Merino,AUTONOMO,Madrid,MOTO,52,44,6,40.38,22.19,570.57,206,239,222.5
REP-232,Tere,Río Ledesma,AUTONOMO,Bilbao,MOTO,52,39,7,38.46,21.88,603.25,206,242,224.0
REP-002,Heliodoro,Rivas Giménez,AUTONOMO,Madrid,MOTO,49,37,7,42.86,20.44,546.92,227,228,227.5
REP-153,Micaela,Benítez Paniagua,EMPLEADO,Valencia,MOTO,49,42,5,42.86,21.54,527.86,227,228,227.5
REP-240,Paloma,Farré Neira,EMPLEADO,Barcelona,FURGONETA,48,40,6,43.75,20.25,538.12,235,222,228.5
REP-122,Iker,Franch Linares,EMPLEADO,Barcelona,MOTO,48,41,4,43.75,20.97,558.83,235,222,228.5
REP-015,Amalia,Teruel García,EMPLEADO,Madrid,FURGONETA,51,36,12,29.41,24.14,551.42,215,250,232.5
REP-076,Cecilia,Amo Lastra,EMPLEADO,Barcelona,BICI,43,37,3,44.19,23.8,443.79,247,219,233.0
